exp_name,text,start_byte,end_byte,pdncID
captain frederick tilney,Captain Frederick Tilney,182475,182499,2
catherine morland,Catherine Morland,71,88,0
catherine morland,Catherine Morland,3647,3664,0
catherine morland,Catherine Morland,8010,8027,0
isabella thorpe,Isabella Thorpe,67443,67458,5
isabella thorpe,Isabella Thorpe,246604,246619,5
eleanor tilney,Eleanor Tilney,335716,335730,1
eleanor tilney,Eleanor Tilney,401118,401132,1
eleanor tilney,Eleanor Tilney,428755,428769,1
general tilney,General Tilney,122020,122034,3
general tilney,General Tilney,140224,140238,3
general tilney,General Tilney,148327,148341,3
general tilney,General Tilney,148521,148535,3
general tilney,General Tilney,149245,149259,3
general tilney,General Tilney,150462,150476,3
general tilney,General Tilney,150694,150708,3
general tilney,General Tilney,161026,161040,3
general tilney,General Tilney,162880,162894,3
general tilney,General Tilney,204855,204869,3
general tilney,General Tilney,205657,205671,3
general tilney,General Tilney,207281,207295,3
general tilney,General Tilney,224252,224266,3
general tilney,General Tilney,252275,252289,3
general tilney,General Tilney,253125,253139,3
general tilney,General Tilney,270559,270573,3
general tilney,General Tilney,272751,272765,3
general tilney,General Tilney,382920,382934,3
general tilney,General Tilney,398051,398065,3
general tilney,General Tilney,399226,399240,3
general tilney,General Tilney,405003,405017,3
general tilney,General Tilney,410046,410060,3
general tilney,General Tilney,418026,418040,3
general tilney,General Tilney,423299,423313,3
captain tilney,Captain Tilney,208747,208761,2
captain tilney,Captain Tilney,210154,210168,2
captain tilney,Captain Tilney,210392,210406,2
captain tilney,Captain Tilney,212998,213012,2
captain tilney,Captain Tilney,235833,235847,2
captain tilney,Captain Tilney,237586,237600,2
captain tilney,Captain Tilney,237670,237684,2
captain tilney,Captain Tilney,238145,238159,2
captain tilney,Captain Tilney,239931,239945,2
captain tilney,Captain Tilney,240560,240574,2
captain tilney,Captain Tilney,241536,241550,2
captain tilney,Captain Tilney,241622,241636,2
captain tilney,Captain Tilney,245085,245099,2
captain tilney,Captain Tilney,245511,245525,2
captain tilney,Captain Tilney,249422,249436,2
captain tilney,Captain Tilney,249825,249839,2
captain tilney,Captain Tilney,339109,339123,2
captain tilney,Captain Tilney,343068,343082,2
captain tilney,Captain Tilney,350473,350487,2
captain tilney,Captain Tilney,351214,351228,2
captain tilney,Captain Tilney,356412,356426,2
captain tilney,Captain Tilney,364724,364738,2
captain tilney,Captain Tilney,368403,368417,2
captain tilney,Captain Tilney,368474,368488,2
captain tilney,Captain Tilney,374832,374846,2
captain tilney,Captain Tilney,376555,376569,2
james morland,James Morland,33788,33801,6
james morland,James Morland,69173,69186,6
james morland,James Morland,105619,105632,6
james morland,James Morland,216043,216056,6
henry tilney,Henry Tilney,143207,143219,4
henry tilney,Henry Tilney,143530,143542,4
henry tilney,Henry Tilney,144613,144625,4
henry tilney,Henry Tilney,146173,146185,4
henry tilney,Henry Tilney,184048,184060,4
henry tilney,Henry Tilney,205313,205325,4
henry tilney,Henry Tilney,210000,210012,4
henry tilney,Henry Tilney,220444,220456,4
henry tilney,Henry Tilney,226307,226319,4
henry tilney,Henry Tilney,241824,241836,4
henry tilney,Henry Tilney,246868,246880,4
henry tilney,Henry Tilney,285033,285045,4
henry tilney,Henry Tilney,402745,402757,4
henry tilney,Henry Tilney,412123,412135,4
mrs. morland,Mrs. Morland,2543,2555,15
mrs. morland,Mrs. Morland,4432,4444,15
mrs. morland,Mrs. Morland,7886,7898,15
mrs. morland,Mrs. Morland,8712,8724,15
mrs. morland,Mrs. Morland,9327,9339,15
mrs. morland,Mrs. Morland,49642,49654,15
mrs. morland,Mrs. Morland,165271,165283,15
mrs. morland,Mrs. Morland,166225,166237,15
mrs. morland,Mrs. Morland,224999,225011,15
mrs. morland,Mrs. Morland,341949,341961,15
mrs. morland,Mrs. Morland,372306,372318,15
mrs. morland,Mrs. Morland,397007,397019,15
mrs. morland,Mrs. Morland,397848,397860,15
mrs. morland,Mrs. Morland,399067,399079,15
mrs. morland,Mrs. Morland,401869,401881,15
mrs. morland,Mrs. Morland,402502,402514,15
mrs. morland,Mrs. Morland,403202,403214,15
mrs. morland,Mrs. Morland,404742,404754,15
mrs. morland,Mrs. Morland,407381,407393,15
mrs. morland,Mrs. Morland,407577,407589,15
mrs. morland,Mrs. Morland,408252,408264,15
mrs. morland,Mrs. Morland,409296,409308,15
mrs. morland,Mrs. Morland,411216,411228,15
mrs. morland,Mrs. Morland,412587,412599,15
mrs. morland,Mrs. Morland,413235,413247,15
mrs. morland,Mrs. Morland,413790,413802,15
mrs. morland,Mrs. Morland,414655,414667,15
mrs. morland,Mrs. Morland,414997,415009,15
mrs. morland,Mrs. Morland,425148,425160,15
mrs. morland,Mrs. Morland,427710,427722,15
miss morland,Miss Morland,7721,7733,0
miss morland,Miss Morland,14851,14863,0
miss morland,Miss Morland,18448,18460,0
miss morland,Miss Morland,26703,26715,0
miss morland,Miss Morland,27004,27016,0
miss morland,Miss Morland,27112,27124,0
miss morland,Miss Morland,33230,33242,0
miss morland,Miss Morland,33478,33490,0
miss morland,Miss Morland,34956,34968,0
miss morland,Miss Morland,35944,35956,0
miss morland,Miss Morland,56557,56569,0
miss morland,Miss Morland,57412,57424,0
miss morland,Miss Morland,58009,58021,0
miss morland,Miss Morland,58699,58711,0
miss morland,Miss Morland,60263,60275,0
miss morland,Miss Morland,60651,60663,0
miss morland,Miss Morland,76205,76217,0
miss morland,Miss Morland,76608,76620,0
miss morland,Miss Morland,83097,83109,0
miss morland,Miss Morland,86139,86151,0
miss morland,Miss Morland,86467,86479,0
miss morland,Miss Morland,88599,88611,0
miss morland,Miss Morland,113089,113101,0
miss morland,Miss Morland,127607,127619,0
miss morland,Miss Morland,170110,170122,0
miss morland,Miss Morland,171639,171651,0
miss morland,Miss Morland,172706,172718,0
miss morland,Miss Morland,181416,181428,0
miss morland,Miss Morland,181629,181641,0
miss morland,Miss Morland,181902,181914,0
miss morland,Miss Morland,182875,182887,0
miss morland,Miss Morland,183034,183046,0
miss morland,Miss Morland,183367,183379,0
miss morland,Miss Morland,183572,183584,0
miss morland,Miss Morland,183809,183821,0
miss morland,Miss Morland,199749,199761,0
miss morland,Miss Morland,200240,200252,0
miss morland,Miss Morland,201625,201637,0
miss morland,Miss Morland,201810,201822,0
miss morland,Miss Morland,202239,202251,0
miss morland,Miss Morland,222398,222410,0
miss morland,Miss Morland,245179,245191,0
miss morland,Miss Morland,250946,250958,0
miss morland,Miss Morland,268449,268461,0
miss morland,Miss Morland,290195,290207,0
miss morland,Miss Morland,290700,290712,0
miss morland,Miss Morland,292221,292233,0
miss morland,Miss Morland,296536,296548,0
miss morland,Miss Morland,296646,296658,0
miss morland,Miss Morland,304844,304856,0
miss morland,Miss Morland,306295,306307,0
miss morland,Miss Morland,309048,309060,0
miss morland,Miss Morland,331337,331349,0
miss morland,Miss Morland,332014,332026,0
miss morland,Miss Morland,351627,351639,0
miss morland,Miss Morland,353295,353307,0
miss morland,Miss Morland,370351,370363,0
miss morland,Miss Morland,412365,412377,0
miss morland,Miss Morland,416528,416540,0
miss morland,Miss Morland,417881,417893,0
miss morland,Miss Morland,419921,419933,0
miss morland,Miss Morland,420133,420145,0
miss morland,Miss Morland,424382,424394,0
miss thorpe,Miss Thorpe,34436,34447,5
miss thorpe,Miss Thorpe,34609,34620,5
miss thorpe,Miss Thorpe,34906,34917,5
miss thorpe,Miss Thorpe,35598,35609,5
miss thorpe,Miss Thorpe,35915,35926,5
miss thorpe,Miss Thorpe,36294,36305,5
miss thorpe,Miss Thorpe,37361,37372,5
miss thorpe,Miss Thorpe,53371,53382,5
miss thorpe,Miss Thorpe,55539,55550,5
miss thorpe,Miss Thorpe,66572,66583,5
miss thorpe,Miss Thorpe,68130,68141,5
miss thorpe,Miss Thorpe,76275,76286,5
miss thorpe,Miss Thorpe,76966,76977,5
miss thorpe,Miss Thorpe,86050,86061,5
miss thorpe,Miss Thorpe,167035,167046,5
miss thorpe,Miss Thorpe,185308,185319,5
miss thorpe,Miss Thorpe,210872,210883,5
miss thorpe,Miss Thorpe,211044,211055,5
miss thorpe,Miss Thorpe,212483,212494,5
miss thorpe,Miss Thorpe,214171,214182,5
miss thorpe,Miss Thorpe,241901,241912,5
miss thorpe,Miss Thorpe,242687,242698,5
miss thorpe,Miss Thorpe,243055,243066,5
miss thorpe,Miss Thorpe,243071,243082,5
miss thorpe,Miss Thorpe,245383,245394,5
miss thorpe,Miss Thorpe,343223,343234,5
miss thorpe,Miss Thorpe,343807,343818,5
miss thorpe,Miss Thorpe,344947,344958,5
miss thorpe,Miss Thorpe,346103,346114,5
miss thorpe,Miss Thorpe,368745,368756,5
miss thorpe,Miss Thorpe,369755,369766,5
miss thorpe,Miss Thorpe,375153,375164,5
mrs. thorpe,Mrs. Thorpe,32036,32047,16
mrs. thorpe,Mrs. Thorpe,32757,32768,16
mrs. thorpe,Mrs. Thorpe,32858,32869,16
mrs. thorpe,Mrs. Thorpe,33696,33707,16
mrs. thorpe,Mrs. Thorpe,36541,36552,16
mrs. thorpe,Mrs. Thorpe,36955,36966,16
mrs. thorpe,Mrs. Thorpe,40544,40555,16
mrs. thorpe,Mrs. Thorpe,40760,40771,16
mrs. thorpe,Mrs. Thorpe,40915,40926,16
mrs. thorpe,Mrs. Thorpe,59631,59642,16
mrs. thorpe,Mrs. Thorpe,64114,64125,16
mrs. thorpe,Mrs. Thorpe,64282,64293,16
mrs. thorpe,Mrs. Thorpe,70866,70877,16
mrs. thorpe,Mrs. Thorpe,73057,73068,16
mrs. thorpe,Mrs. Thorpe,74514,74525,16
mrs. thorpe,Mrs. Thorpe,76292,76303,16
mrs. thorpe,Mrs. Thorpe,81542,81553,16
mrs. thorpe,Mrs. Thorpe,81730,81741,16
mrs. thorpe,Mrs. Thorpe,82468,82479,16
mrs. thorpe,Mrs. Thorpe,99621,99632,16
mrs. thorpe,Mrs. Thorpe,99698,99709,16
mrs. thorpe,Mrs. Thorpe,165195,165206,16
mrs. thorpe,Mrs. Thorpe,167431,167442,16
mrs. thorpe,Mrs. Thorpe,196285,196296,16
mrs. thorpe,Mrs. Thorpe,198038,198049,16
mrs. thorpe,Mrs. Thorpe,217134,217145,16
mrs. thorpe,Mrs. Thorpe,219303,219314,16
mrs. thorpe,Mrs. Thorpe,406359,406370,16
mrs. thorpe,Mrs. Thorpe,406653,406664,16
mrs. hughes,Mrs. Hughes,74585,74596,14
mrs. hughes,Mrs. Hughes,76111,76122,14
mrs. hughes,Mrs. Hughes,76400,76411,14
mrs. hughes,Mrs. Hughes,76699,76710,14
mrs. hughes,Mrs. Hughes,100051,100062,14
mrs. hughes,Mrs. Hughes,100373,100384,14
mrs. hughes,Mrs. Hughes,100739,100750,14
mrs. hughes,Mrs. Hughes,100923,100934,14
mrs. hughes,Mrs. Hughes,101217,101228,14
mrs. hughes,Mrs. Hughes,101584,101595,14
mrs. hughes,Mrs. Hughes,106648,106659,14
mrs. hughes,Mrs. Hughes,108232,108243,14
mrs. hughes,Mrs. Hughes,108441,108452,14
mrs. hughes,Mrs. Hughes,215318,215329,14
mr. morland,Mr. Morland,54903,54914,11
mr. morland,Mr. Morland,78528,78539,11
mr. morland,Mr. Morland,78606,78617,11
mr. morland,Mr. Morland,79204,79215,11
mr. morland,Mr. Morland,80235,80246,11
mr. morland,Mr. Morland,102654,102665,11
mr. morland,Mr. Morland,138514,138525,11
mr. morland,Mr. Morland,188156,188167,11
mr. morland,Mr. Morland,196375,196386,11
mr. morland,Mr. Morland,198535,198546,11
mr. morland,Mr. Morland,198923,198934,11
mr. morland,Mr. Morland,216166,216177,11
mr. morland,Mr. Morland,217069,217080,11
mr. morland,Mr. Morland,218019,218030,11
mr. morland,Mr. Morland,218128,218139,11
mr. morland,Mr. Morland,218441,218452,11
mr. morland,Mr. Morland,243165,243176,11
mr. morland,Mr. Morland,343764,343775,11
mr. morland,Mr. Morland,343893,343904,11
mr. morland,Mr. Morland,413623,413634,11
mr. morland,Mr. Morland,413868,413879,11
mr. morland,Mr. Morland,418839,418850,11
mr. morland,Mr. Morland,430377,430388,11
mr. morland,Mr. Morland,431346,431357,11
john thorpe,John Thorpe,55900,55911,7
john thorpe,John Thorpe,60120,60131,7
john thorpe,John Thorpe,81328,81339,7
john thorpe,John Thorpe,83037,83048,7
john thorpe,John Thorpe,86084,86095,7
john thorpe,John Thorpe,102135,102146,7
john thorpe,John Thorpe,111419,111430,7
john thorpe,John Thorpe,112081,112092,7
john thorpe,John Thorpe,112735,112746,7
john thorpe,John Thorpe,113045,113056,7
john thorpe,John Thorpe,127495,127506,7
john thorpe,John Thorpe,148211,148222,7
john thorpe,John Thorpe,161557,161568,7
john thorpe,John Thorpe,199644,199655,7
john thorpe,John Thorpe,238414,238425,7
john thorpe,John Thorpe,417751,417762,7
miss tilney,Miss Tilney,74601,74612,1
miss tilney,Miss Tilney,76156,76167,1
miss tilney,Miss Tilney,76552,76563,1
miss tilney,Miss Tilney,76799,76810,1
miss tilney,Miss Tilney,83740,83751,1
miss tilney,Miss Tilney,84722,84733,1
miss tilney,Miss Tilney,87306,87317,1
miss tilney,Miss Tilney,100076,100087,1
miss tilney,Miss Tilney,100249,100260,1
miss tilney,Miss Tilney,101342,101353,1
miss tilney,Miss Tilney,104947,104958,1
miss tilney,Miss Tilney,106580,106591,1
miss tilney,Miss Tilney,106846,106857,1
miss tilney,Miss Tilney,107736,107747,1
miss tilney,Miss Tilney,108480,108491,1
miss tilney,Miss Tilney,108786,108797,1
miss tilney,Miss Tilney,122382,122393,1
miss tilney,Miss Tilney,122525,122536,1
miss tilney,Miss Tilney,122997,123008,1
miss tilney,Miss Tilney,126934,126945,1
miss tilney,Miss Tilney,127441,127452,1
miss tilney,Miss Tilney,129528,129539,1
miss tilney,Miss Tilney,132709,132720,1
miss tilney,Miss Tilney,132878,132889,1
miss tilney,Miss Tilney,133433,133444,1
miss tilney,Miss Tilney,139915,139926,1
miss tilney,Miss Tilney,140044,140055,1
miss tilney,Miss Tilney,140913,140924,1
miss tilney,Miss Tilney,140943,140954,1
miss tilney,Miss Tilney,141188,141199,1
miss tilney,Miss Tilney,141305,141316,1
miss tilney,Miss Tilney,141651,141662,1
miss tilney,Miss Tilney,146354,146365,1
miss tilney,Miss Tilney,151891,151902,1
miss tilney,Miss Tilney,152288,152299,1
miss tilney,Miss Tilney,152752,152763,1
miss tilney,Miss Tilney,152935,152946,1
miss tilney,Miss Tilney,153782,153793,1
miss tilney,Miss Tilney,157276,157287,1
miss tilney,Miss Tilney,158059,158070,1
miss tilney,Miss Tilney,158272,158283,1
miss tilney,Miss Tilney,158540,158551,1
miss tilney,Miss Tilney,159831,159842,1
miss tilney,Miss Tilney,160373,160384,1
miss tilney,Miss Tilney,160833,160844,1
miss tilney,Miss Tilney,161598,161609,1
miss tilney,Miss Tilney,162063,162074,1
miss tilney,Miss Tilney,163001,163012,1
miss tilney,Miss Tilney,164827,164838,1
miss tilney,Miss Tilney,169782,169793,1
miss tilney,Miss Tilney,171599,171610,1
miss tilney,Miss Tilney,173751,173762,1
miss tilney,Miss Tilney,180006,180017,1
miss tilney,Miss Tilney,182795,182806,1
miss tilney,Miss Tilney,184383,184394,1
miss tilney,Miss Tilney,200813,200824,1
miss tilney,Miss Tilney,205199,205210,1
miss tilney,Miss Tilney,206324,206335,1
miss tilney,Miss Tilney,208606,208617,1
miss tilney,Miss Tilney,220984,220995,1
miss tilney,Miss Tilney,221147,221158,1
miss tilney,Miss Tilney,221439,221450,1
miss tilney,Miss Tilney,221831,221842,1
miss tilney,Miss Tilney,224500,224511,1
miss tilney,Miss Tilney,227428,227439,1
miss tilney,Miss Tilney,247951,247962,1
miss tilney,Miss Tilney,248569,248580,1
miss tilney,Miss Tilney,251520,251531,1
miss tilney,Miss Tilney,261418,261429,1
miss tilney,Miss Tilney,265006,265017,1
miss tilney,Miss Tilney,265475,265486,1
miss tilney,Miss Tilney,268392,268403,1
miss tilney,Miss Tilney,269603,269614,1
miss tilney,Miss Tilney,269865,269876,1
miss tilney,Miss Tilney,270420,270431,1
miss tilney,Miss Tilney,274206,274217,1
miss tilney,Miss Tilney,286300,286311,1
miss tilney,Miss Tilney,292691,292702,1
miss tilney,Miss Tilney,292966,292977,1
miss tilney,Miss Tilney,296752,296763,1
miss tilney,Miss Tilney,298268,298279,1
miss tilney,Miss Tilney,301933,301944,1
miss tilney,Miss Tilney,308699,308710,1
miss tilney,Miss Tilney,309203,309214,1
miss tilney,Miss Tilney,309932,309943,1
miss tilney,Miss Tilney,311200,311211,1
miss tilney,Miss Tilney,312095,312106,1
miss tilney,Miss Tilney,318567,318578,1
miss tilney,Miss Tilney,324130,324141,1
miss tilney,Miss Tilney,344802,344813,1
miss tilney,Miss Tilney,388194,388205,1
miss tilney,Miss Tilney,400648,400659,1
mrs. allen,Mrs. Allen,11118,11128,13
mrs. allen,Mrs. Allen,11629,11639,13
mrs. allen,Mrs. Allen,12042,12052,13
mrs. allen,Mrs. Allen,13179,13189,13
mrs. allen,Mrs. Allen,13426,13436,13
mrs. allen,Mrs. Allen,13787,13797,13
mrs. allen,Mrs. Allen,15144,15154,13
mrs. allen,Mrs. Allen,16473,16483,13
mrs. allen,Mrs. Allen,16887,16897,13
mrs. allen,Mrs. Allen,17710,17720,13
mrs. allen,Mrs. Allen,20611,20621,13
mrs. allen,Mrs. Allen,25731,25741,13
mrs. allen,Mrs. Allen,26420,26430,13
mrs. allen,Mrs. Allen,26977,26987,13
mrs. allen,Mrs. Allen,30310,30320,13
mrs. allen,Mrs. Allen,30525,30535,13
mrs. allen,Mrs. Allen,31275,31285,13
mrs. allen,Mrs. Allen,32100,32110,13
mrs. allen,Mrs. Allen,32458,32468,13
mrs. allen,Mrs. Allen,32967,32977,13
mrs. allen,Mrs. Allen,39281,39291,13
mrs. allen,Mrs. Allen,40124,40134,13
mrs. allen,Mrs. Allen,40963,40973,13
mrs. allen,Mrs. Allen,68231,68241,13
mrs. allen,Mrs. Allen,68827,68837,13
mrs. allen,Mrs. Allen,70882,70892,13
mrs. allen,Mrs. Allen,72803,72813,13
mrs. allen,Mrs. Allen,73350,73360,13
mrs. allen,Mrs. Allen,74529,74539,13
mrs. allen,Mrs. Allen,81527,81537,13
mrs. allen,Mrs. Allen,81947,81957,13
mrs. allen,Mrs. Allen,82348,82358,13
mrs. allen,Mrs. Allen,82450,82460,13
mrs. allen,Mrs. Allen,82709,82719,13
mrs. allen,Mrs. Allen,85433,85443,13
mrs. allen,Mrs. Allen,86411,86421,13
mrs. allen,Mrs. Allen,86882,86892,13
mrs. allen,Mrs. Allen,87121,87131,13
mrs. allen,Mrs. Allen,87683,87693,13
mrs. allen,Mrs. Allen,87950,87960,13
mrs. allen,Mrs. Allen,97980,97990,13
mrs. allen,Mrs. Allen,99307,99317,13
mrs. allen,Mrs. Allen,101697,101707,13
mrs. allen,Mrs. Allen,120117,120127,13
mrs. allen,Mrs. Allen,120186,120196,13
mrs. allen,Mrs. Allen,120460,120470,13
mrs. allen,Mrs. Allen,124130,124140,13
mrs. allen,Mrs. Allen,124146,124156,13
mrs. allen,Mrs. Allen,124537,124547,13
mrs. allen,Mrs. Allen,126779,126789,13
mrs. allen,Mrs. Allen,127004,127014,13
mrs. allen,Mrs. Allen,127470,127480,13
mrs. allen,Mrs. Allen,127781,127791,13
mrs. allen,Mrs. Allen,128001,128011,13
mrs. allen,Mrs. Allen,131042,131052,13
mrs. allen,Mrs. Allen,131089,131099,13
mrs. allen,Mrs. Allen,131152,131162,13
mrs. allen,Mrs. Allen,139828,139838,13
mrs. allen,Mrs. Allen,140341,140351,13
mrs. allen,Mrs. Allen,144890,144900,13
mrs. allen,Mrs. Allen,145129,145139,13
mrs. allen,Mrs. Allen,145327,145337,13
mrs. allen,Mrs. Allen,145376,145386,13
mrs. allen,Mrs. Allen,145945,145955,13
mrs. allen,Mrs. Allen,163109,163119,13
mrs. allen,Mrs. Allen,163221,163231,13
mrs. allen,Mrs. Allen,165306,165316,13
mrs. allen,Mrs. Allen,184468,184478,13
mrs. allen,Mrs. Allen,184602,184612,13
mrs. allen,Mrs. Allen,184981,184991,13
mrs. allen,Mrs. Allen,203699,203709,13
mrs. allen,Mrs. Allen,204308,204318,13
mrs. allen,Mrs. Allen,228253,228263,13
mrs. allen,Mrs. Allen,237052,237062,13
mrs. allen,Mrs. Allen,237438,237448,13
mrs. allen,Mrs. Allen,247726,247736,13
mrs. allen,Mrs. Allen,287010,287020,13
mrs. allen,Mrs. Allen,296017,296027,13
mrs. allen,Mrs. Allen,307328,307338,13
mrs. allen,Mrs. Allen,337602,337612,13
mrs. allen,Mrs. Allen,401968,401978,13
mrs. allen,Mrs. Allen,403116,403126,13
mrs. allen,Mrs. Allen,405461,405471,13
mrs. allen,Mrs. Allen,407238,407248,13
mrs. allen,Mrs. Allen,407696,407706,13
mrs. allen,Mrs. Allen,414154,414164,13
mrs. allen,Mrs. Allen,416022,416032,13
mr. tilney,Mr. Tilney,26019,26029,4
mr. tilney,Mr. Tilney,27783,27793,4
mr. tilney,Mr. Tilney,29281,29291,4
mr. tilney,Mr. Tilney,29577,29587,4
mr. tilney,Mr. Tilney,29860,29870,4
mr. tilney,Mr. Tilney,29969,29979,4
mr. tilney,Mr. Tilney,34578,34588,4
mr. tilney,Mr. Tilney,37472,37482,4
mr. tilney,Mr. Tilney,37547,37557,4
mr. tilney,Mr. Tilney,49113,49123,4
mr. tilney,Mr. Tilney,51101,51111,4
mr. tilney,Mr. Tilney,71781,71791,4
mr. tilney,Mr. Tilney,72446,72456,4
mr. tilney,Mr. Tilney,72928,72938,4
mr. tilney,Mr. Tilney,73179,73189,4
mr. tilney,Mr. Tilney,74692,74702,4
mr. tilney,Mr. Tilney,75563,75573,4
mr. tilney,Mr. Tilney,77410,77420,4
mr. tilney,Mr. Tilney,78931,78941,4
mr. tilney,Mr. Tilney,80104,80114,4
mr. tilney,Mr. Tilney,81412,81422,4
mr. tilney,Mr. Tilney,81920,81930,4
mr. tilney,Mr. Tilney,83658,83668,4
mr. tilney,Mr. Tilney,101428,101438,4
mr. tilney,Mr. Tilney,103118,103128,4
mr. tilney,Mr. Tilney,110870,110880,4
mr. tilney,Mr. Tilney,112501,112511,4
mr. tilney,Mr. Tilney,112809,112819,4
mr. tilney,Mr. Tilney,120131,120141,4
mr. tilney,Mr. Tilney,121642,121652,4
mr. tilney,Mr. Tilney,144976,144986,4
mr. tilney,Mr. Tilney,145167,145177,4
mr. tilney,Mr. Tilney,147318,147328,4
mr. tilney,Mr. Tilney,257976,257986,4
mr. tilney,Mr. Tilney,325569,325579,4
mr. tilney,Mr. Tilney,360472,360482,4
mr. tilney,Mr. Tilney,406967,406977,4
mr. tilney,Mr. Tilney,425195,425205,4
mr. thorpe,Mr. Thorpe,62468,62478,12
mr. thorpe,Mr. Thorpe,70981,70991,12
mr. thorpe,Mr. Thorpe,71765,71775,12
mr. thorpe,Mr. Thorpe,87450,87460,12
mr. thorpe,Mr. Thorpe,93822,93832,12
mr. thorpe,Mr. Thorpe,94610,94620,12
mr. thorpe,Mr. Thorpe,95850,95860,12
mr. thorpe,Mr. Thorpe,107723,107733,12
mr. thorpe,Mr. Thorpe,117915,117925,12
mr. thorpe,Mr. Thorpe,127335,127345,12
mr. thorpe,Mr. Thorpe,132835,132845,12
mr. thorpe,Mr. Thorpe,133369,133379,12
mr. thorpe,Mr. Thorpe,133451,133461,12
mr. thorpe,Mr. Thorpe,133740,133750,12
mr. thorpe,Mr. Thorpe,137279,137289,12
mr. thorpe,Mr. Thorpe,145860,145870,12
mr. thorpe,Mr. Thorpe,146015,146025,12
mr. thorpe,Mr. Thorpe,148699,148709,12
mr. thorpe,Mr. Thorpe,155824,155834,12
mr. thorpe,Mr. Thorpe,158421,158431,12
mr. thorpe,Mr. Thorpe,158621,158631,12
mr. thorpe,Mr. Thorpe,158742,158752,12
mr. thorpe,Mr. Thorpe,166069,166079,12
mr. thorpe,Mr. Thorpe,166786,166796,12
mr. thorpe,Mr. Thorpe,231032,231042,12
mr. thorpe,Mr. Thorpe,420194,420204,12
frederick,Frederick,243721,243730,2
frederick,Frederick,246341,246350,2
frederick,Frederick,290877,290886,2
frederick,Frederick,330285,330294,2
frederick,Frederick,342898,342907,2
frederick,Frederick,343987,343996,2
frederick,Frederick,344643,344652,2
frederick,Frederick,345678,345687,2
frederick,Frederick,345827,345836,2
frederick,Frederick,346226,346235,2
frederick,Frederick,346894,346903,2
frederick,Frederick,351009,351018,2
frederick,Frederick,351494,351503,2
frederick,Frederick,368656,368665,2
frederick,Frederick,369991,370000,2
mr. allen,Mr. Allen,7501,7510,10
mr. allen,Mr. Allen,12482,12491,10
mr. allen,Mr. Allen,13609,13618,10
mr. allen,Mr. Allen,16221,16230,10
mr. allen,Mr. Allen,18405,18414,10
mr. allen,Mr. Allen,18981,18990,10
mr. allen,Mr. Allen,26544,26553,10
mr. allen,Mr. Allen,27577,27586,10
mr. allen,Mr. Allen,29353,29362,10
mr. allen,Mr. Allen,35977,35986,10
mr. allen,Mr. Allen,65680,65689,10
mr. allen,Mr. Allen,67195,67204,10
mr. allen,Mr. Allen,67330,67339,10
mr. allen,Mr. Allen,73776,73785,10
mr. allen,Mr. Allen,74062,74071,10
mr. allen,Mr. Allen,74418,74427,10
mr. allen,Mr. Allen,90695,90704,10
mr. allen,Mr. Allen,105314,105323,10
mr. allen,Mr. Allen,123494,123503,10
mr. allen,Mr. Allen,123959,123968,10
mr. allen,Mr. Allen,124004,124013,10
mr. allen,Mr. Allen,125386,125395,10
mr. allen,Mr. Allen,137557,137566,10
mr. allen,Mr. Allen,150515,150524,10
mr. allen,Mr. Allen,164611,164620,10
mr. allen,Mr. Allen,164699,164708,10
mr. allen,Mr. Allen,166717,166726,10
mr. allen,Mr. Allen,166961,166970,10
mr. allen,Mr. Allen,167241,167250,10
mr. allen,Mr. Allen,167705,167714,10
mr. allen,Mr. Allen,168271,168280,10
mr. allen,Mr. Allen,174519,174528,10
mr. allen,Mr. Allen,221114,221123,10
mr. allen,Mr. Allen,248124,248133,10
mr. allen,Mr. Allen,252934,252943,10
mr. allen,Mr. Allen,272173,272182,10
mr. allen,Mr. Allen,272237,272246,10
mr. allen,Mr. Allen,272575,272584,10
mr. allen,Mr. Allen,293190,293199,10
mr. allen,Mr. Allen,294551,294560,10
mr. allen,Mr. Allen,295514,295523,10
mr. allen,Mr. Allen,295608,295617,10
mr. allen,Mr. Allen,295875,295884,10
mr. allen,Mr. Allen,295971,295980,10
mr. allen,Mr. Allen,300600,300609,10
mr. allen,Mr. Allen,405360,405369,10
mr. allen,Mr. Allen,405836,405845,10
mr. allen,Mr. Allen,415192,415201,10
mr. allen,Mr. Allen,419272,419281,10
catherine,Catherine,700,709,0
catherine,Catherine,1149,1158,0
catherine,Catherine,2183,2192,0
catherine,Catherine,2353,2362,0
catherine,Catherine,2742,2751,0
catherine,Catherine,4099,4108,0
catherine,Catherine,4710,4719,0
catherine,Catherine,7924,7933,0
catherine,Catherine,8828,8837,0
catherine,Catherine,9582,9591,0
catherine,Catherine,10093,10102,0
catherine,Catherine,11258,11267,0
catherine,Catherine,11824,11833,0
catherine,Catherine,12936,12945,0
catherine,Catherine,13272,13281,0
catherine,Catherine,13899,13908,0
catherine,Catherine,15449,15458,0
catherine,Catherine,15693,15702,0
catherine,Catherine,16809,16818,0
catherine,Catherine,19599,19608,0
catherine,Catherine,21140,21149,0
catherine,Catherine,22288,22297,0
catherine,Catherine,22994,23003,0
catherine,Catherine,24880,24889,0
catherine,Catherine,25752,25761,0
catherine,Catherine,26872,26881,0
catherine,Catherine,27922,27931,0
catherine,Catherine,28237,28246,0
catherine,Catherine,29780,29789,0
catherine,Catherine,33667,33676,0
catherine,Catherine,34255,34264,0
catherine,Catherine,34490,34499,0
catherine,Catherine,35439,35448,0
catherine,Catherine,36244,36253,0
catherine,Catherine,37262,37271,0
catherine,Catherine,38320,38329,0
catherine,Catherine,38482,38491,0
catherine,Catherine,39076,39085,0
catherine,Catherine,39650,39659,0
catherine,Catherine,39870,39879,0
catherine,Catherine,41028,41037,0
catherine,Catherine,45746,45755,0
catherine,Catherine,48152,48161,0
catherine,Catherine,48496,48505,0
catherine,Catherine,50080,50089,0
catherine,Catherine,50301,50310,0
catherine,Catherine,51032,51041,0
catherine,Catherine,51514,51523,0
catherine,Catherine,52117,52126,0
catherine,Catherine,52380,52389,0
catherine,Catherine,52838,52847,0
catherine,Catherine,53272,53281,0
catherine,Catherine,54994,55003,0
catherine,Catherine,55246,55255,0
catherine,Catherine,55701,55710,0
catherine,Catherine,59030,59039,0
catherine,Catherine,59289,59298,0
catherine,Catherine,60152,60161,0
catherine,Catherine,60844,60853,0
catherine,Catherine,61279,61288,0
catherine,Catherine,61518,61527,0
catherine,Catherine,61821,61830,0
catherine,Catherine,62059,62068,0
catherine,Catherine,62561,62570,0
catherine,Catherine,63178,63187,0
catherine,Catherine,64075,64084,0
catherine,Catherine,64974,64983,0
catherine,Catherine,65749,65758,0
catherine,Catherine,66594,66603,0
catherine,Catherine,67396,67405,0
catherine,Catherine,67863,67872,0
catherine,Catherine,68635,68644,0
catherine,Catherine,69931,69940,0
catherine,Catherine,70118,70127,0
catherine,Catherine,70560,70569,0
catherine,Catherine,70831,70840,0
catherine,Catherine,71575,71584,0
catherine,Catherine,71977,71986,0
catherine,Catherine,72197,72206,0
catherine,Catherine,72823,72832,0
catherine,Catherine,73159,73168,0
catherine,Catherine,74791,74800,0
catherine,Catherine,76493,76502,0
catherine,Catherine,77338,77347,0
catherine,Catherine,78037,78046,0
catherine,Catherine,78712,78721,0
catherine,Catherine,78880,78889,0
catherine,Catherine,79935,79944,0
catherine,Catherine,80358,80367,0
catherine,Catherine,80799,80808,0
catherine,Catherine,81231,81240,0
catherine,Catherine,81380,81389,0
catherine,Catherine,82173,82182,0
catherine,Catherine,82788,82797,0
catherine,Catherine,82852,82861,0
catherine,Catherine,83528,83537,0
catherine,Catherine,83972,83981,0
catherine,Catherine,84016,84025,0
catherine,Catherine,85944,85953,0
catherine,Catherine,86606,86615,0
catherine,Catherine,86860,86869,0
catherine,Catherine,87039,87048,0
catherine,Catherine,87272,87281,0
catherine,Catherine,87730,87739,0
catherine,Catherine,88413,88422,0
catherine,Catherine,88902,88911,0
catherine,Catherine,89418,89427,0
catherine,Catherine,89769,89778,0
catherine,Catherine,90568,90577,0
catherine,Catherine,92456,92465,0
catherine,Catherine,92783,92792,0
catherine,Catherine,93840,93849,0
catherine,Catherine,94476,94485,0
catherine,Catherine,95119,95128,0
catherine,Catherine,97231,97240,0
catherine,Catherine,98647,98656,0
catherine,Catherine,98683,98692,0
catherine,Catherine,99039,99048,0
catherine,Catherine,99291,99300,0
catherine,Catherine,101632,101641,0
catherine,Catherine,102277,102286,0
catherine,Catherine,102544,102553,0
catherine,Catherine,102599,102608,0
catherine,Catherine,102825,102834,0
catherine,Catherine,103582,103591,0
catherine,Catherine,104900,104909,0
catherine,Catherine,105698,105707,0
catherine,Catherine,105945,105954,0
catherine,Catherine,106306,106315,0
catherine,Catherine,107393,107402,0
catherine,Catherine,107790,107799,0
catherine,Catherine,108582,108591,0
catherine,Catherine,108868,108877,0
catherine,Catherine,109326,109335,0
catherine,Catherine,110548,110557,0
catherine,Catherine,111372,111381,0
catherine,Catherine,111673,111682,0
catherine,Catherine,112003,112012,0
catherine,Catherine,114000,114009,0
catherine,Catherine,114789,114798,0
catherine,Catherine,121334,121343,0
catherine,Catherine,122049,122058,0
catherine,Catherine,123040,123049,0
catherine,Catherine,123735,123744,0
catherine,Catherine,124389,124398,0
catherine,Catherine,124581,124590,0
catherine,Catherine,124902,124911,0
catherine,Catherine,125640,125649,0
catherine,Catherine,126346,126355,0
catherine,Catherine,126847,126856,0
catherine,Catherine,127097,127106,0
catherine,Catherine,128110,128119,0
catherine,Catherine,129019,129028,0
catherine,Catherine,130493,130502,0
catherine,Catherine,131270,131279,0
catherine,Catherine,132678,132687,0
catherine,Catherine,133551,133560,0
catherine,Catherine,134436,134445,0
catherine,Catherine,136387,136396,0
catherine,Catherine,136795,136804,0
catherine,Catherine,137488,137497,0
catherine,Catherine,137779,137788,0
catherine,Catherine,138735,138744,0
catherine,Catherine,139846,139855,0
catherine,Catherine,140078,140087,0
catherine,Catherine,141216,141225,0
catherine,Catherine,141710,141719,0
catherine,Catherine,141793,141802,0
catherine,Catherine,143900,143909,0
catherine,Catherine,146318,146327,0
catherine,Catherine,146388,146397,0
catherine,Catherine,147100,147109,0
catherine,Catherine,147860,147869,0
catherine,Catherine,148974,148983,0
catherine,Catherine,150397,150406,0
catherine,Catherine,151797,151806,0
catherine,Catherine,152062,152071,0
catherine,Catherine,152666,152675,0
catherine,Catherine,153313,153322,0
catherine,Catherine,153432,153441,0
catherine,Catherine,153552,153561,0
catherine,Catherine,153973,153982,0
catherine,Catherine,154394,154403,0
catherine,Catherine,154838,154847,0
catherine,Catherine,155447,155456,0
catherine,Catherine,155638,155647,0
catherine,Catherine,155770,155779,0
catherine,Catherine,156302,156311,0
catherine,Catherine,156629,156638,0
catherine,Catherine,156973,156982,0
catherine,Catherine,157336,157345,0
catherine,Catherine,157865,157874,0
catherine,Catherine,158005,158014,0
catherine,Catherine,158985,158994,0
catherine,Catherine,159437,159446,0
catherine,Catherine,161536,161545,0
catherine,Catherine,161730,161739,0
catherine,Catherine,162604,162613,0
catherine,Catherine,163035,163044,0
catherine,Catherine,163387,163396,0
catherine,Catherine,163779,163788,0
catherine,Catherine,165946,165955,0
catherine,Catherine,166866,166875,0
catherine,Catherine,167596,167605,0
catherine,Catherine,168199,168208,0
catherine,Catherine,168980,168989,0
catherine,Catherine,172022,172031,0
catherine,Catherine,176697,176706,0
catherine,Catherine,177049,177058,0
catherine,Catherine,178385,178394,0
catherine,Catherine,179142,179151,0
catherine,Catherine,179853,179862,0
catherine,Catherine,182748,182757,0
catherine,Catherine,184022,184031,0
catherine,Catherine,184485,184494,0
catherine,Catherine,184648,184657,0
catherine,Catherine,185131,185140,0
catherine,Catherine,185848,185857,0
catherine,Catherine,186181,186190,0
catherine,Catherine,186481,186490,0
catherine,Catherine,187068,187077,0
catherine,Catherine,187264,187273,0
catherine,Catherine,187423,187432,0
catherine,Catherine,188220,188229,0
catherine,Catherine,189075,189084,0
catherine,Catherine,189112,189121,0
catherine,Catherine,189237,189246,0
catherine,Catherine,189532,189541,0
catherine,Catherine,189795,189804,0
catherine,Catherine,190399,190408,0
catherine,Catherine,190949,190958,0
catherine,Catherine,191133,191142,0
catherine,Catherine,191300,191309,0
catherine,Catherine,191803,191812,0
catherine,Catherine,192234,192243,0
catherine,Catherine,192639,192648,0
catherine,Catherine,193080,193089,0
catherine,Catherine,193561,193570,0
catherine,Catherine,193715,193724,0
catherine,Catherine,194084,194093,0
catherine,Catherine,194727,194736,0
catherine,Catherine,195443,195452,0
catherine,Catherine,196690,196699,0
catherine,Catherine,197186,197195,0
catherine,Catherine,198259,198268,0
catherine,Catherine,199843,199852,0
catherine,Catherine,200042,200051,0
catherine,Catherine,201109,201118,0
catherine,Catherine,204146,204155,0
catherine,Catherine,204674,204683,0
catherine,Catherine,207004,207013,0
catherine,Catherine,209823,209832,0
catherine,Catherine,210207,210216,0
catherine,Catherine,210982,210991,0
catherine,Catherine,212608,212617,0
catherine,Catherine,213215,213224,0
catherine,Catherine,216751,216760,0
catherine,Catherine,218091,218100,0
catherine,Catherine,218588,218597,0
catherine,Catherine,218773,218782,0
catherine,Catherine,219109,219118,0
catherine,Catherine,219495,219504,0
catherine,Catherine,220034,220043,0
catherine,Catherine,220482,220491,0
catherine,Catherine,221359,221368,0
catherine,Catherine,221762,221771,0
catherine,Catherine,221986,221995,0
catherine,Catherine,223700,223709,0
catherine,Catherine,224722,224731,0
catherine,Catherine,225322,225331,0
catherine,Catherine,227996,228005,0
catherine,Catherine,228651,228660,0
catherine,Catherine,230269,230278,0
catherine,Catherine,230896,230905,0
catherine,Catherine,233179,233188,0
catherine,Catherine,234794,234803,0
catherine,Catherine,235475,235484,0
catherine,Catherine,235800,235809,0
catherine,Catherine,236037,236046,0
catherine,Catherine,236865,236874,0
catherine,Catherine,237337,237346,0
catherine,Catherine,237401,237410,0
catherine,Catherine,238218,238227,0
catherine,Catherine,239230,239239,0
catherine,Catherine,239704,239713,0
catherine,Catherine,239892,239901,0
catherine,Catherine,240339,240348,0
catherine,Catherine,241756,241765,0
catherine,Catherine,242815,242824,0
catherine,Catherine,243329,243338,0
catherine,Catherine,243980,243989,0
catherine,Catherine,244879,244888,0
catherine,Catherine,246716,246725,0
catherine,Catherine,247128,247137,0
catherine,Catherine,247541,247550,0
catherine,Catherine,251454,251463,0
catherine,Catherine,252537,252546,0
catherine,Catherine,252698,252707,0
catherine,Catherine,254768,254777,0
catherine,Catherine,261211,261220,0
catherine,Catherine,264966,264975,0
catherine,Catherine,265406,265415,0
catherine,Catherine,265733,265742,0
catherine,Catherine,267548,267557,0
catherine,Catherine,268474,268483,0
catherine,Catherine,269881,269890,0
catherine,Catherine,270282,270291,0
catherine,Catherine,270753,270762,0
catherine,Catherine,271185,271194,0
catherine,Catherine,271681,271690,0
catherine,Catherine,272206,272215,0
catherine,Catherine,272833,272842,0
catherine,Catherine,273215,273224,0
catherine,Catherine,275857,275866,0
catherine,Catherine,278261,278270,0
catherine,Catherine,280283,280292,0
catherine,Catherine,280578,280587,0
catherine,Catherine,282370,282379,0
catherine,Catherine,282632,282641,0
catherine,Catherine,288124,288133,0
catherine,Catherine,288410,288419,0
catherine,Catherine,289165,289174,0
catherine,Catherine,289468,289477,0
catherine,Catherine,289731,289740,0
catherine,Catherine,291283,291292,0
catherine,Catherine,292475,292484,0
catherine,Catherine,292896,292905,0
catherine,Catherine,293983,293992,0
catherine,Catherine,294464,294473,0
catherine,Catherine,296920,296929,0
catherine,Catherine,297352,297361,0
catherine,Catherine,297719,297728,0
catherine,Catherine,298190,298199,0
catherine,Catherine,299344,299353,0
catherine,Catherine,300252,300261,0
catherine,Catherine,301516,301525,0
catherine,Catherine,302069,302078,0
catherine,Catherine,302407,302416,0
catherine,Catherine,302681,302690,0
catherine,Catherine,303295,303304,0
catherine,Catherine,305908,305917,0
catherine,Catherine,306518,306527,0
catherine,Catherine,307350,307359,0
catherine,Catherine,308152,308161,0
catherine,Catherine,308347,308356,0
catherine,Catherine,308930,308939,0
catherine,Catherine,309286,309295,0
catherine,Catherine,310192,310201,0
catherine,Catherine,310703,310712,0
catherine,Catherine,310996,311005,0
catherine,Catherine,311329,311338,0
catherine,Catherine,312240,312249,0
catherine,Catherine,312807,312816,0
catherine,Catherine,313158,313167,0
catherine,Catherine,315239,315248,0
catherine,Catherine,316243,316252,0
catherine,Catherine,316561,316570,0
catherine,Catherine,317535,317544,0
catherine,Catherine,318203,318212,0
catherine,Catherine,318651,318660,0
catherine,Catherine,318961,318970,0
catherine,Catherine,319865,319874,0
catherine,Catherine,320229,320238,0
catherine,Catherine,323027,323036,0
catherine,Catherine,323842,323851,0
catherine,Catherine,325946,325955,0
catherine,Catherine,326414,326423,0
catherine,Catherine,328526,328535,0
catherine,Catherine,330669,330678,0
catherine,Catherine,331188,331197,0
catherine,Catherine,332211,332220,0
catherine,Catherine,333359,333368,0
catherine,Catherine,334887,334896,0
catherine,Catherine,337870,337879,0
catherine,Catherine,338279,338288,0
catherine,Catherine,338990,338999,0
catherine,Catherine,339897,339906,0
catherine,Catherine,339962,339971,0
catherine,Catherine,340360,340369,0
catherine,Catherine,341303,341312,0
catherine,Catherine,341823,341832,0
catherine,Catherine,342731,342740,0
catherine,Catherine,343301,343310,0
catherine,Catherine,344300,344309,0
catherine,Catherine,344818,344827,0
catherine,Catherine,345034,345043,0
catherine,Catherine,346605,346614,0
catherine,Catherine,348143,348152,0
catherine,Catherine,348568,348577,0
catherine,Catherine,348886,348895,0
catherine,Catherine,352370,352379,0
catherine,Catherine,353940,353949,0
catherine,Catherine,354726,354735,0
catherine,Catherine,355740,355749,0
catherine,Catherine,357435,357444,0
catherine,Catherine,357666,357675,0
catherine,Catherine,358404,358413,0
catherine,Catherine,359398,359407,0
catherine,Catherine,359691,359700,0
catherine,Catherine,360140,360149,0
catherine,Catherine,361065,361074,0
catherine,Catherine,362008,362017,0
catherine,Catherine,362883,362892,0
catherine,Catherine,363113,363122,0
catherine,Catherine,367121,367130,0
catherine,Catherine,367248,367257,0
catherine,Catherine,369937,369946,0
catherine,Catherine,370514,370523,0
catherine,Catherine,372429,372438,0
catherine,Catherine,374724,374733,0
catherine,Catherine,375618,375627,0
catherine,Catherine,376262,376271,0
catherine,Catherine,376515,376524,0
catherine,Catherine,376756,376765,0
catherine,Catherine,377033,377042,0
catherine,Catherine,377413,377422,0
catherine,Catherine,378143,378152,0
catherine,Catherine,378419,378428,0
catherine,Catherine,378831,378840,0
catherine,Catherine,378900,378909,0
catherine,Catherine,379445,379454,0
catherine,Catherine,379817,379826,0
catherine,Catherine,380368,380377,0
catherine,Catherine,380656,380665,0
catherine,Catherine,381185,381194,0
catherine,Catherine,382354,382363,0
catherine,Catherine,383749,383758,0
catherine,Catherine,384921,384930,0
catherine,Catherine,385606,385615,0
catherine,Catherine,385779,385788,0
catherine,Catherine,386911,386920,0
catherine,Catherine,387196,387205,0
catherine,Catherine,388059,388068,0
catherine,Catherine,388337,388346,0
catherine,Catherine,388533,388542,0
catherine,Catherine,389018,389027,0
catherine,Catherine,389663,389672,0
catherine,Catherine,395585,395594,0
catherine,Catherine,396265,396274,0
catherine,Catherine,396593,396602,0
catherine,Catherine,398380,398389,0
catherine,Catherine,398927,398936,0
catherine,Catherine,399162,399171,0
catherine,Catherine,399243,399252,0
catherine,Catherine,399512,399521,0
catherine,Catherine,399782,399791,0
catherine,Catherine,400775,400784,0
catherine,Catherine,402198,402207,0
catherine,Catherine,402635,402644,0
catherine,Catherine,403839,403848,0
catherine,Catherine,404841,404850,0
catherine,Catherine,406285,406294,0
catherine,Catherine,406516,406525,0
catherine,Catherine,407166,407175,0
catherine,Catherine,407497,407506,0
catherine,Catherine,408064,408073,0
catherine,Catherine,408354,408363,0
catherine,Catherine,408558,408567,0
catherine,Catherine,409568,409577,0
catherine,Catherine,409906,409915,0
catherine,Catherine,410213,410222,0
catherine,Catherine,410935,410944,0
catherine,Catherine,413294,413303,0
catherine,Catherine,413353,413362,0
catherine,Catherine,414052,414061,0
catherine,Catherine,414904,414913,0
catherine,Catherine,415240,415249,0
catherine,Catherine,416100,416109,0
catherine,Catherine,416675,416684,0
catherine,Catherine,418233,418242,0
catherine,Catherine,419039,419048,0
catherine,Catherine,420336,420345,0
catherine,Catherine,421210,421219,0
catherine,Catherine,422989,422998,0
catherine,Catherine,423235,423244,0
catherine,Catherine,423737,423746,0
catherine,Catherine,424761,424770,0
catherine,Catherine,425424,425433,0
catherine,Catherine,425857,425866,0
catherine,Catherine,427563,427572,0
catherine,Catherine,427791,427800,0
catherine,Catherine,427980,427989,0
catherine,Catherine,430716,430725,0
catherine,Catherine,431414,431423,0
miss anne,Miss Anne,185575,185584,9
isabella,Isabella,33058,33066,5
isabella,Isabella,33162,33170,5
isabella,Isabella,38334,38342,5
isabella,Isabella,39521,39529,5
isabella,Isabella,40653,40661,5
isabella,Isabella,41042,41050,5
isabella,Isabella,44846,44854,5
isabella,Isabella,48538,48546,5
isabella,Isabella,49490,49498,5
isabella,Isabella,52081,52089,5
isabella,Isabella,52548,52556,5
isabella,Isabella,54211,54219,5
isabella,Isabella,54750,54758,5
isabella,Isabella,56115,56123,5
isabella,Isabella,59654,59662,5
isabella,Isabella,61481,61489,5
isabella,Isabella,65015,65023,5
isabella,Isabella,65078,65086,5
isabella,Isabella,66200,66208,5
isabella,Isabella,69232,69240,5
isabella,Isabella,69773,69781,5
isabella,Isabella,70230,70238,5
isabella,Isabella,70676,70684,5
isabella,Isabella,75587,75595,5
isabella,Isabella,78091,78099,5
isabella,Isabella,78348,78356,5
isabella,Isabella,80069,80077,5
isabella,Isabella,81044,81052,5
isabella,Isabella,83813,83821,5
isabella,Isabella,87465,87473,5
isabella,Isabella,88098,88106,5
isabella,Isabella,97525,97533,5
isabella,Isabella,98019,98027,5
isabella,Isabella,98735,98743,5
isabella,Isabella,102291,102299,5
isabella,Isabella,104824,104832,5
isabella,Isabella,111695,111703,5
isabella,Isabella,123265,123273,5
isabella,Isabella,127309,127317,5
isabella,Isabella,129501,129509,5
isabella,Isabella,130455,130463,5
isabella,Isabella,137827,137835,5
isabella,Isabella,138771,138779,5
isabella,Isabella,140721,140729,5
isabella,Isabella,142863,142871,5
isabella,Isabella,151410,151418,5
isabella,Isabella,152052,152060,5
isabella,Isabella,152726,152734,5
isabella,Isabella,153143,153151,5
isabella,Isabella,153696,153704,5
isabella,Isabella,154535,154543,5
isabella,Isabella,154699,154707,5
isabella,Isabella,155538,155546,5
isabella,Isabella,156447,156455,5
isabella,Isabella,156916,156924,5
isabella,Isabella,157027,157035,5
isabella,Isabella,157718,157726,5
isabella,Isabella,158101,158109,5
isabella,Isabella,158754,158762,5
isabella,Isabella,166915,166923,5
isabella,Isabella,167145,167153,5
isabella,Isabella,167648,167656,5
isabella,Isabella,184822,184830,5
isabella,Isabella,186819,186827,5
isabella,Isabella,186914,186922,5
isabella,Isabella,188888,188896,5
isabella,Isabella,189055,189063,5
isabella,Isabella,189976,189984,5
isabella,Isabella,190206,190214,5
isabella,Isabella,191037,191045,5
isabella,Isabella,191359,191367,5
isabella,Isabella,192855,192863,5
isabella,Isabella,193070,193078,5
isabella,Isabella,193415,193423,5
isabella,Isabella,193616,193624,5
isabella,Isabella,194379,194387,5
isabella,Isabella,195225,195233,5
isabella,Isabella,196410,196418,5
isabella,Isabella,197419,197427,5
isabella,Isabella,197867,197875,5
isabella,Isabella,198407,198415,5
isabella,Isabella,198858,198866,5
isabella,Isabella,204074,204082,5
isabella,Isabella,206073,206081,5
isabella,Isabella,206550,206558,5
isabella,Isabella,208258,208266,5
isabella,Isabella,211338,211346,5
isabella,Isabella,212957,212965,5
isabella,Isabella,213051,213059,5
isabella,Isabella,213343,213351,5
isabella,Isabella,213395,213403,5
isabella,Isabella,213940,213948,5
isabella,Isabella,214399,214407,5
isabella,Isabella,216950,216958,5
isabella,Isabella,217039,217047,5
isabella,Isabella,217457,217465,5
isabella,Isabella,218721,218729,5
isabella,Isabella,219287,219295,5
isabella,Isabella,219628,219636,5
isabella,Isabella,225805,225813,5
isabella,Isabella,228082,228090,5
isabella,Isabella,228677,228685,5
isabella,Isabella,228946,228954,5
isabella,Isabella,229803,229811,5
isabella,Isabella,230239,230247,5
isabella,Isabella,232765,232773,5
isabella,Isabella,232885,232893,5
isabella,Isabella,234139,234147,5
isabella,Isabella,235853,235861,5
isabella,Isabella,236172,236180,5
isabella,Isabella,236957,236965,5
isabella,Isabella,237101,237109,5
isabella,Isabella,237558,237566,5
isabella,Isabella,237710,237718,5
isabella,Isabella,237724,237732,5
isabella,Isabella,237794,237802,5
isabella,Isabella,238019,238027,5
isabella,Isabella,238929,238937,5
isabella,Isabella,239006,239014,5
isabella,Isabella,239379,239387,5
isabella,Isabella,240227,240235,5
isabella,Isabella,240890,240898,5
isabella,Isabella,241150,241158,5
isabella,Isabella,241332,241340,5
isabella,Isabella,243374,243382,5
isabella,Isabella,244029,244037,5
isabella,Isabella,247041,247049,5
isabella,Isabella,247304,247312,5
isabella,Isabella,250023,250031,5
isabella,Isabella,327901,327909,5
isabella,Isabella,337151,337159,5
isabella,Isabella,337325,337333,5
isabella,Isabella,337518,337526,5
isabella,Isabella,337688,337696,5
isabella,Isabella,341577,341585,5
isabella,Isabella,343424,343432,5
isabella,Isabella,343475,343483,5
isabella,Isabella,345186,345194,5
isabella,Isabella,347631,347639,5
isabella,Isabella,348987,348995,5
isabella,Isabella,349390,349398,5
isabella,Isabella,350562,350570,5
isabella,Isabella,356616,356624,5
isabella,Isabella,363075,363083,5
isabella,Isabella,367361,367369,5
isabella,Isabella,367574,367582,5
isabella,Isabella,367872,367880,5
isabella,Isabella,369323,369331,5
isabella,Isabella,369441,369449,5
isabella,Isabella,370104,370112,5
isabella,Isabella,402069,402077,5
isabella,Isabella,418175,418183,5
isabella,Isabella,418687,418695,5
isabella,Isabella,421337,421345,5
morland,Morland,56729,56736,6
morland,Morland,57224,57231,6
morland,Morland,60429,60436,6
morland,Morland,60476,60483,6
morland,Morland,61720,61727,6
morland,Morland,64506,64513,6
morland,Morland,98368,98375,6
morland,Morland,128786,128793,6
morland,Morland,135378,135385,6
morland,Morland,135518,135525,6
morland,Morland,136301,136308,6
morland,Morland,137932,137939,6
morland,Morland,154773,154780,6
morland,Morland,159254,159261,6
morland,Morland,191227,191234,6
morland,Morland,191514,191521,6
morland,Morland,193375,193382,6
morland,Morland,195000,195007,6
morland,Morland,195966,195973,6
morland,Morland,200192,200199,6
morland,Morland,217641,217648,6
morland,Morland,418156,418163,6
morland,Morland,418606,418613,6
morland,Morland,421325,421332,6
eleanor,Eleanor,146682,146689,1
eleanor,Eleanor,170064,170071,1
eleanor,Eleanor,181549,181556,1
eleanor,Eleanor,222158,222165,1
eleanor,Eleanor,223001,223008,1
eleanor,Eleanor,250439,250446,1
eleanor,Eleanor,255060,255067,1
eleanor,Eleanor,289639,289646,1
eleanor,Eleanor,289758,289765,1
eleanor,Eleanor,296591,296598,1
eleanor,Eleanor,298009,298016,1
eleanor,Eleanor,301309,301316,1
eleanor,Eleanor,310506,310513,1
eleanor,Eleanor,310620,310627,1
eleanor,Eleanor,318614,318621,1
eleanor,Eleanor,319105,319112,1
eleanor,Eleanor,319634,319641,1
eleanor,Eleanor,320079,320086,1
eleanor,Eleanor,321247,321254,1
eleanor,Eleanor,321875,321882,1
eleanor,Eleanor,322293,322300,1
eleanor,Eleanor,327005,327012,1
eleanor,Eleanor,328399,328406,1
eleanor,Eleanor,328784,328791,1
eleanor,Eleanor,329103,329110,1
eleanor,Eleanor,330549,330556,1
eleanor,Eleanor,333167,333174,1
eleanor,Eleanor,340942,340949,1
eleanor,Eleanor,341161,341168,1
eleanor,Eleanor,341719,341726,1
eleanor,Eleanor,341890,341897,1
eleanor,Eleanor,343086,343093,1
eleanor,Eleanor,345462,345469,1
eleanor,Eleanor,346323,346330,1
eleanor,Eleanor,346558,346565,1
eleanor,Eleanor,354171,354178,1
eleanor,Eleanor,355646,355653,1
eleanor,Eleanor,356639,356646,1
eleanor,Eleanor,367676,367683,1
eleanor,Eleanor,371605,371612,1
eleanor,Eleanor,371905,371912,1
eleanor,Eleanor,371921,371928,1
eleanor,Eleanor,372050,372057,1
eleanor,Eleanor,373082,373089,1
eleanor,Eleanor,374575,374582,1
eleanor,Eleanor,375458,375465,1
eleanor,Eleanor,375577,375584,1
eleanor,Eleanor,376222,376229,1
eleanor,Eleanor,376240,376247,1
eleanor,Eleanor,376335,376342,1
eleanor,Eleanor,376807,376814,1
eleanor,Eleanor,377173,377180,1
eleanor,Eleanor,377539,377546,1
eleanor,Eleanor,378403,378410,1
eleanor,Eleanor,378872,378879,1
eleanor,Eleanor,379176,379183,1
eleanor,Eleanor,381235,381242,1
eleanor,Eleanor,381411,381418,1
eleanor,Eleanor,382177,382184,1
eleanor,Eleanor,382399,382406,1
eleanor,Eleanor,383687,383694,1
eleanor,Eleanor,384792,384799,1
eleanor,Eleanor,385412,385419,1
eleanor,Eleanor,385660,385667,1
eleanor,Eleanor,387114,387121,1
eleanor,Eleanor,387684,387691,1
eleanor,Eleanor,387828,387835,1
eleanor,Eleanor,388119,388126,1
eleanor,Eleanor,392585,392592,1
eleanor,Eleanor,392618,392625,1
eleanor,Eleanor,393718,393725,1
eleanor,Eleanor,400826,400833,1
eleanor,Eleanor,401337,401344,1
eleanor,Eleanor,401687,401694,1
eleanor,Eleanor,402285,402292,1
eleanor,Eleanor,420439,420446,1
eleanor,Eleanor,428633,428640,1
eleanor,Eleanor,431173,431180,1
thorpe,Thorpe,31263,31269,7
thorpe,Thorpe,33931,33937,7
thorpe,Thorpe,56685,56691,7
thorpe,Thorpe,58480,58486,7
thorpe,Thorpe,65786,65792,7
thorpe,Thorpe,75017,75023,7
thorpe,Thorpe,87930,87936,7
thorpe,Thorpe,88619,88625,7
thorpe,Thorpe,89169,89175,7
thorpe,Thorpe,90494,90500,7
thorpe,Thorpe,92975,92981,7
thorpe,Thorpe,105592,105598,7
thorpe,Thorpe,110733,110739,7
thorpe,Thorpe,128825,128831,7
thorpe,Thorpe,129732,129738,7
thorpe,Thorpe,132293,132299,7
thorpe,Thorpe,133034,133040,7
thorpe,Thorpe,134182,134188,7
thorpe,Thorpe,135556,135562,7
thorpe,Thorpe,135924,135930,7
thorpe,Thorpe,136570,136576,7
thorpe,Thorpe,137769,137775,7
thorpe,Thorpe,148931,148937,7
thorpe,Thorpe,150526,150532,7
thorpe,Thorpe,151767,151773,7
thorpe,Thorpe,155385,155391,7
thorpe,Thorpe,155931,155937,7
thorpe,Thorpe,156173,156179,7
thorpe,Thorpe,157119,157125,7
thorpe,Thorpe,158145,158151,7
thorpe,Thorpe,158782,158788,7
thorpe,Thorpe,159214,159220,7
thorpe,Thorpe,159346,159352,7
thorpe,Thorpe,162166,162172,7
thorpe,Thorpe,338432,338438,7
thorpe,Thorpe,339209,339215,7
thorpe,Thorpe,417924,417930,7
thorpe,Thorpe,417969,417975,7
thorpe,Thorpe,419600,419606,7
thorpe,Thorpe,421079,421085,7
thorpe,Thorpe,422547,422553,7
thorpe,Thorpe,430555,430561,7
tilney,Tilney,20933,20939,4
tilney,Tilney,100699,100705,4
tilney,Tilney,101015,101021,4
tilney,Tilney,101193,101199,4
tilney,Tilney,114036,114042,4
tilney,Tilney,130907,130913,4
tilney,Tilney,134336,134342,4
tilney,Tilney,229720,229726,4
tilney,Tilney,235605,235611,4
tilney,Tilney,241416,241422,4
tilney,Tilney,246684,246690,4
tilney,Tilney,267926,267932,4
tilney,Tilney,297750,297756,4
tilney,Tilney,299386,299392,4
tilney,Tilney,313501,313507,4
tilney,Tilney,314825,314831,4
tilney,Tilney,316937,316943,4
tilney,Tilney,317984,317990,4
tilney,Tilney,324472,324478,4
tilney,Tilney,339759,339765,4
tilney,Tilney,349423,349429,4
tilney,Tilney,366324,366330,4
tilney,Tilney,366841,366847,4
sarah,Sarah,9827,9832,17
sarah,Sarah,396452,396457,17
sarah,Sarah,398627,398632,17
sarah,Sarah,398986,398991,17
sarah,Sarah,414536,414541,17
belle,Belle,185794,185799,5
belle,Belle,200206,200211,5
belle,Belle,200509,200514,5
james,James,54952,54957,6
james,James,59644,59649,6
james,James,64996,65001,6
james,James,65697,65702,6
james,James,67727,67732,6
james,James,68103,68108,6
james,James,69690,69695,6
james,James,70264,70269,6
james,James,78917,78922,6
james,James,80160,80165,6
james,James,80624,80629,6
james,James,83803,83808,6
james,James,87506,87511,6
james,James,88513,88518,6
james,James,92573,92578,6
james,James,93978,93983,6
james,James,97573,97578,6
james,James,104892,104897,6
james,James,105768,105773,6
james,James,120690,120695,6
james,James,151423,151428,6
james,James,155800,155805,6
james,James,156646,156651,6
james,James,157787,157792,6
james,James,158215,158220,6
james,James,184834,184839,6
james,James,186810,186815,6
james,James,190043,190048,6
james,James,190382,190387,6
james,James,195626,195631,6
james,James,198813,198818,6
james,James,204239,204244,6
james,James,216511,216516,6
james,James,219792,219797,6
james,James,220535,220540,6
james,James,228956,228961,6
james,James,237819,237824,6
james,James,240036,240041,6
james,James,240371,240376,6
james,James,242887,242892,6
james,James,243698,243703,6
james,James,247268,247273,6
james,James,337456,337461,6
james,James,337528,337533,6
james,James,338167,338172,6
james,James,342528,342533,6
james,James,344093,344098,6
james,James,344433,344438,6
james,James,347412,347417,6
james,James,367525,367530,6
james,James,367550,367555,6
james,James,368214,368219,6
james,James,402088,402093,6
james,James,403268,403273,6
james,James,403649,403654,6
james,James,423167,423172,6
henry,Henry,107498,107503,4
henry,Henry,107918,107923,4
henry,Henry,146107,146112,4
henry,Henry,169113,169118,4
henry,Henry,171586,171591,4
henry,Henry,172150,172155,4
henry,Henry,175196,175201,4
henry,Henry,179401,179406,4
henry,Henry,180724,180729,4
henry,Henry,182782,182787,4
henry,Henry,204915,204920,4
henry,Henry,205827,205832,4
henry,Henry,208649,208654,4
henry,Henry,209355,209360,4
henry,Henry,210818,210823,4
henry,Henry,211486,211491,4
henry,Henry,224899,224904,4
henry,Henry,242001,242006,4
henry,Henry,242453,242458,4
henry,Henry,245199,245204,4
henry,Henry,247562,247567,4
henry,Henry,248595,248600,4
henry,Henry,253260,253265,4
henry,Henry,253893,253898,4
henry,Henry,260972,260977,4
henry,Henry,262851,262856,4
henry,Henry,265792,265797,4
henry,Henry,273846,273851,4
henry,Henry,276179,276184,4
henry,Henry,276836,276841,4
henry,Henry,279787,279792,4
henry,Henry,286332,286337,4
henry,Henry,289267,289272,4
henry,Henry,290325,290330,4
henry,Henry,293335,293340,4
henry,Henry,298706,298711,4
henry,Henry,298758,298763,4
henry,Henry,304569,304574,4
henry,Henry,311453,311458,4
henry,Henry,312468,312473,4
henry,Henry,319093,319098,4
henry,Henry,322755,322760,4
henry,Henry,325549,325554,4
henry,Henry,327272,327277,4
henry,Henry,332246,332251,4
henry,Henry,332526,332531,4
henry,Henry,333217,333222,4
henry,Henry,333723,333728,4
henry,Henry,335706,335711,4
henry,Henry,336382,336387,4
henry,Henry,338068,338073,4
henry,Henry,340132,340137,4
henry,Henry,340932,340937,4
henry,Henry,341709,341714,4
henry,Henry,342301,342306,4
henry,Henry,342636,342641,4
henry,Henry,343165,343170,4
henry,Henry,345820,345825,4
henry,Henry,346524,346529,4
henry,Henry,346798,346803,4
henry,Henry,350626,350631,4
henry,Henry,352181,352186,4
henry,Henry,352323,352328,4
henry,Henry,353621,353626,4
henry,Henry,354082,354087,4
henry,Henry,355193,355198,4
henry,Henry,355781,355786,4
henry,Henry,356235,356240,4
henry,Henry,356356,356361,4
henry,Henry,356676,356681,4
henry,Henry,358264,358269,4
henry,Henry,359546,359551,4
henry,Henry,360958,360963,4
henry,Henry,361534,361539,4
henry,Henry,367619,367624,4
henry,Henry,368311,368316,4
henry,Henry,369109,369114,4
henry,Henry,370041,370046,4
henry,Henry,373128,373133,4
henry,Henry,373375,373380,4
henry,Henry,373563,373568,4
henry,Henry,374183,374188,4
henry,Henry,382705,382710,4
henry,Henry,386559,386564,4
henry,Henry,386624,386629,4
henry,Henry,386646,386651,4
henry,Henry,390591,390596,4
henry,Henry,390851,390856,4
henry,Henry,391313,391318,4
henry,Henry,391492,391497,4
henry,Henry,392146,392151,4
henry,Henry,393708,393713,4
henry,Henry,401437,401442,4
henry,Henry,408399,408404,4
henry,Henry,414034,414039,4
henry,Henry,415458,415463,4
henry,Henry,416043,416048,4
henry,Henry,416811,416816,4
henry,Henry,420429,420434,4
henry,Henry,420766,420771,4
henry,Henry,422952,422957,4
henry,Henry,423433,423438,4
henry,Henry,423702,423707,4
henry,Henry,424251,424256,4
henry,Henry,424917,424922,4
henry,Henry,427382,427387,4
henry,Henry,427970,427975,4
henry,Henry,428673,428678,4
henry,Henry,428848,428853,4
henry,Henry,431404,431409,4
maria,Maria,185839,185844,8
maria,Maria,185967,185972,8
maria,Maria,187364,187369,8
maria,Maria,188401,188406,8
maria,Maria,189013,189018,8
maria,Maria,191164,191169,8
maria,Maria,196924,196929,8
maria,Maria,198305,198310,8
john,John,32281,32285,7
john,John,65147,65151,7
john,John,65208,65212,7
john,John,69799,69803,7
john,John,70491,70495,7
john,John,81865,81869,7
john,John,111863,111867,7
john,John,111943,111947,7
john,John,139209,139213,7
john,John,139341,139345,7
john,John,185828,185832,7
john,John,188636,188640,7
john,John,191725,191729,7
john,John,198243,198247,7
john,John,198475,198479,7
john,John,207233,207237,7
john,John,207564,207568,7
john,John,207598,207602,7
john,John,230018,230022,7
john,John,231877,231881,7
john,John,233248,233252,7
john,John,233429,233433,7
john,John,233889,233893,7
anne,Anne,186528,186532,9
anne,Anne,187225,187229,9
anne,Anne,188478,188482,9
anne,Anne,191156,191160,9
anne,Anne,196915,196919,9
anne,Anne,198291,198295,9
anne,Anne,366650,366654,9
